<application>
  <component name="AndroidLogcatFilterHistory">
    <option name="mostRecentlyUsed" value="package:com.aio.video_downloader" />
    <option name="nonFavorites">
      <list>
        <option value="package:com.aio.video_downloader" />
        <option value="package:com.aio.video_downloader tag:M3U8InfoExtractor  " />
        <option value="package:com.aio.video_downloader tag:DownloadDataModel " />
        <option value="package:com.aio.video_downloader Youtube Video Duration" />
        <option value="package:com.aio.video_downloader t" />
        <option value="@tag:" />
        <option value="package:com.aio.video_downloader tag:Adapter" />
        <option value="tag:DownloadU   " />
        <option value="tag:RegularDownloadPart   " />
        <option value="tag:DOWNLOADERROWUI  " />
        <option value="tag:M3U8VideoDownloader " />
        <option value="tag:RegularDownloader tag:RegularDownloadPart " />
        <option value="tag:RegularDownloader " />
        <option value="package:com.aio.video_downloader tag:RegularDownloadPart " />
        <option value="package:com.aio.video_downloader tag:RegularDownloader " />
        <option value="package:com.aio.video_downloader tag:RegularDownloadPart" />
        <option value="package:com.aio.video_downloader tag:RegularDownloadPart tag:RegularDownloader " />
        <option value="package:com.aio.video_downloader tag:Reg" />
        <option value="package:com.aio.video_downloader tag:RegularDownloader    " />
        <option value="package:com.aio.video_downloader tag:RegularDownloadPart   " />
      </list>
    </option>
  </component>
</application>