<application>
  <component name="com.intellij.ide.ui.customization.CustomActionsSchema">
    <group value="GoogleLoginV2.LoginService" is_action="true" action_type="-1" position="6">
      <path value="root" />
      <path value="Main Toolbar" />
      <path value="Right" />
    </group>
    <group value="Android.InstantRunActions" is_group="true" forse_popup="false" action_type="-1" position="1">
      <path value="root" />
      <path value="Main Toolbar" />
      <path value="Right" />
      <path value="Android Main Toolbar Right" />
    </group>
    <group value="Android.InstantRunActions" is_group="true" forse_popup="false" action_type="1" position="0">
      <path value="root" />
      <path value="Main Toolbar" />
      <path value="Right" />
    </group>
  </component>
</application>