<application>
  <component name="AndroidFoldingSettings">
    <option name="collapseAndroidStrings" value="false" />
    <option name="COLLAPSE_ANDROID_TEXT" value="false" />
  </component>
  <component name="CodeVisionSettings">
    <option name="codeVisionGroupToPosition">
      <map>
        <entry key="change.signature" value="Default" />
        <entry key="inheritors" value="Default" />
        <entry key="problems" value="Default" />
        <entry key="references" value="Default" />
        <entry key="rename" value="Default" />
        <entry key="vcs.code.vision" value="Default" />
      </map>
    </option>
    <option name="defaultPosition" value="Top" />
    <option name="disabledCodeVisionProviderIds">
      <set>
        <option value="change.signature" />
        <option value="inheritors" />
        <option value="problems" />
        <option value="references" />
        <option value="rename" />
      </set>
    </option>
    <option name="enabled" value="false" />
  </component>
  <component name="DeclarativeInlayHintsSettings">
    <option name="enabledOptions">
      <map>
        <entry key="kotlin.lambdas.hints#hints.lambda.receivers.parameters" value="false" />
        <entry key="kotlin.lambdas.hints#hints.lambda.return" value="false" />
        <entry key="kotlin.references.types.hints#hints.type.function.parameter" value="false" />
        <entry key="kotlin.references.types.hints#hints.type.function.return" value="false" />
        <entry key="kotlin.references.types.hints#hints.type.property" value="false" />
        <entry key="kotlin.references.types.hints#hints.type.variable" value="false" />
        <entry key="oc.type.hints#lambdas" value="false" />
        <entry key="oc.type.hints#obvious.types" value="false" />
        <entry key="oc.type.hints#parameter.types" value="false" />
        <entry key="oc.type.hints#return.types" value="false" />
        <entry key="oc.type.hints#variables" value="false" />
      </map>
    </option>
    <option name="providerIdToEnabled">
      <map>
        <entry key="compose.state.read" value="false" />
        <entry key="devkit.threading" value="false" />
        <entry key="groovy.implicit.null.argument" value="false" />
        <entry key="groovy.lambda.parameter.inlay.provider" value="false" />
        <entry key="groovy.local.variable.implicit.types" value="false" />
        <entry key="java.implicit.lambdaParameter" value="false" />
        <entry key="java.implicit.types" value="false" />
        <entry key="java.method.chains" value="false" />
        <entry key="kotlin.lambdas.hints" value="false" />
        <entry key="kotlin.method.chains" value="false" />
        <entry key="kotlin.parameters.hints" value="false" />
        <entry key="kotlin.references.types.hints" value="true" />
        <entry key="kotlin.values.hints" value="false" />
        <entry key="oc.type.hints" value="false" />
      </map>
    </option>
  </component>
  <component name="EditorSettings">
    <option name="USE_SOFT_WRAPS" value="" />
    <option name="SHOW_QUICK_DOC_ON_MOUSE_OVER_ELEMENT" value="false" />
    <option name="IS_RIGHT_MARGIN_SHOWN" value="false" />
    <option name="ARE_LINE_NUMBERS_SHOWN" value="false" />
    <option name="USE_EDITOR_FONT_IN_INLAYS" value="true" />
    <option name="IS_FULL_LINE_HEIGHT_CURSOR" value="true" />
  </component>
  <component name="InlayHintsSettings">
    <option name="disabledHintProviderIds">
      <set>
        <option value="JAVA.annotation.hints" />
        <option value="Markdown.MarkdownTableInlayProviderSettingsKey" />
      </set>
    </option>
    <option name="lastViewedProviderKeyId" value="" />
    <settingsMapElement>
      <JAVA.annotation.hints>
        <Settings>
          <option name="showExternal" value="false" />
        </Settings>
      </JAVA.annotation.hints>
    </settingsMapElement>
  </component>
  <component name="XmlFoldingSettings">
    <option name="COLLAPSE_HTML_STYLE_ATTRIBUTE" value="false" />
    <option name="COLLAPSE_ENTITIES" value="false" />
    <option name="COLLAPSE_DATA_URI" value="false" />
  </component>
</application>