<application>
  <component name="CachedDictionaryState">
    <words>
      <w>abcdefghijklmnopqrstuvwxyz</w>
      <w>aifc</w>
      <w>alac</w>
      <w>appimage</w>
      <w>avif</w>
      <w>bittu</w>
      <w>bolditalic</w>
      <w>bottomsheet</w>
      <w>cpgz</w>
      <w>cpio</w>
      <w>dirham</w>
      <w>divx</w>
      <w>docm</w>
      <w>dotm</w>
      <w>dotx</w>
      <w>expensee</w>
      <w>forint</w>
      <w>gc’d</w>
      <w>heic</w>
      <w>iklax</w>
      <w>indd</w>
      <w>ismv</w>
      <w>jtar</w>
      <w>koruna</w>
      <w>lightitalic</w>
      <w>litecoin</w>
      <w>lzip</w>
      <w>lzop</w>
      <w>mediumitalic</w>
      <w>nord</w>
      <w>objectbox</w>
      <w>odia</w>
      <w>pdfa</w>
      <w>perday</w>
      <w>pjpeg</w>
      <w>pptm</w>
      <w>sitx</w>
      <w>wbmp</w>
      <w>xapk</w>
      <w>xfig</w>
      <w>xltx</w>
      <w>xvid</w>
      <w>zpaq</w>
      <w>اردو</w>
      <w>संस्कृतम्</w>
      <w>ગુજર</w>
      <w>ଓଡ଼ିଆ</w>
      <w>ಕನ್ನಡ</w>
    </words>
  </component>
</application>