<application>
  <component name="Trusted.Paths">
    <option name="TRUSTED_PROJECT_PATHS">
      <map>
        <entry key="$USER_HOME$/all_user_files/documents/app_development/android_projects/00_aio_video_downloader" value="true" />
        <entry key="$USER_HOME$/all_user_files/documents/app_development/android_projects/00_tubeaio" value="true" />
        <entry key="$USER_HOME$/all_user_files/documents/app_development/android_projects/01_base_app" value="true" />
        <entry key="$USER_HOME$/all_user_files/documents/app_development/android_projects/01_tube_aio" value="true" />
        <entry key="$USER_HOME$/all_user_files/documents/app_development/android_projects/01_video_mate" value="true" />
        <entry key="$USER_HOME$/all_user_files/documents/app_development/android_projects/01_vidtube" value="true" />
        <entry key="$USER_HOME$/all_user_files/documents/app_development/android_projects/02_aio_goole_play" value="true" />
        <entry key="$USER_HOME$/all_user_files/documents/app_development/android_projects/02_expense_tracker" value="true" />
        <entry key="$USER_HOME$/all_user_files/documents/app_development/android_projects/backups/00_aio_video_downloader" value="true" />
        <entry key="$USER_HOME$/all_user_files/documents/app_development/android_projects/geeta_chat" value="true" />
        <entry key="$USER_HOME$/all_user_files/documents/app_development/flutter_projects/sample" value="true" />
        <entry key="$USER_HOME$/all_user_files/documents/app_development/flutter_projects/sample_demo" value="true" />
      </map>
    </option>
  </component>
  <component name="Trusted.Paths.Settings">
    <option name="TRUSTED_PATHS">
      <list>
        <option value="$USER_HOME$/all_user_files/documents/app_development/android_projects" />
      </list>
    </option>
  </component>
</application>