<application>
  <component name="UISettings">
    <option name="compactTreeIndents" value="true" />
    <option name="SHOW_MAIN_MENU_MODE" value="MERGED_WITH_MAIN_TOOLBAR" />
    <option name="MARK_MODIFIED_TABS_WITH_ASTERISK" value="true" />
    <option name="MAX_LOOKUP_WIDTH2" value="784" />
    <option name="showTreeIndentGuides" value="true" />
    <option name="smoothScrolling" value="false" />
    <option name="UI_DENSITY" value="COMPACT" />
    <option name="CONTRAST_SCROLLBARS" value="true" />
  </component>
</application>