<application>
  <component name="DimensionService">
    <location key="WELCOME_SCREEN.0.0.1920.1080" x="1130" y="300" />
    <location key="find.popup.0.0.1920.1080" x="711" y="158" />
    <size key="GridCell.Tab.0.left.0.0.1920.1080" width="1822" height="324" />
    <size key="GridCell.Tab.0.center.0.0.1920.1080" width="1822" height="324" />
    <size key="GridCell.Tab.0.right.0.0.1920.1080" width="1822" height="324" />
    <size key="GridCell.Tab.0.bottom.0.0.1920.1080" width="1822" height="324" />
    <size key="find.popup.0.0.1920.1080" width="678" height="798" />
  </component>
  <component name="WindowManager">
    <frame x="0" y="23" width="1920" height="1057" extendedState="6" />
  </component>
  <component name="WindowStateApplicationService">
    <state x="490" y="250" width="821" height="504" key="FileChooserDialogImpl" timestamp="1753717885434">
      <screen x="0" y="22" width="1920" height="1058" />
    </state>
    <state x="482" y="233" key="FileChooserDialogImpl/0.0.1888.1080" timestamp="1753701735632" />
    <state x="490" y="250" width="821" height="504" key="FileChooserDialogImpl/0.22.1920.1058" timestamp="1753717885434" />
    <state x="513" y="233" key="FileChooserDialogImpl/30.0.1890.1080" timestamp="1753089668701" />
    <state width="879" height="381" key="ShowUsagesActions.dimensionServiceKey" timestamp="1760375113601">
      <screen x="0" y="23" width="1920" height="1057" />
    </state>
    <state width="573" height="140" key="ShowUsagesActions.dimensionServiceKey/0.0.1888.1080" timestamp="1753553206431" />
    <state width="620" height="116" key="ShowUsagesActions.dimensionServiceKey/0.0.1890.1080" timestamp="1753367339442" />
    <state width="641" height="96" key="ShowUsagesActions.dimensionServiceKey/0.20.1920.1060" timestamp="1757276971370" />
    <state width="1090" height="96" key="ShowUsagesActions.dimensionServiceKey/0.22.1920.1058" timestamp="1755335338291" />
    <state width="879" height="381" key="ShowUsagesActions.dimensionServiceKey/0.23.1920.1057" timestamp="1760375113601" />
    <state x="959" y="504" width="1019" height="777" key="WELCOME_SCREEN" timestamp="1758551509965">
      <screen x="0" y="23" width="1920" height="1057" />
    </state>
    <state x="944" y="495" width="1002" height="813" key="WELCOME_SCREEN/0.0.1888.1080" timestamp="1753701730776" />
    <state x="959" y="502" width="1019" height="779" key="WELCOME_SCREEN/0.20.1920.1060" timestamp="1755698746219" />
    <state x="959" y="517" width="1019" height="777" key="WELCOME_SCREEN/0.22.1920.1058" timestamp="1753717875553" />
    <state x="959" y="504" width="1019" height="777" key="WELCOME_SCREEN/0.23.1920.1057" timestamp="1758551509965" />
    <state x="974" y="495" width="1003" height="813" key="WELCOME_SCREEN/30.0.1890.1080" timestamp="1753089651169" />
  </component>
</application>